time_s,time_days,time_years,Tout_degC,power_W,cumulative_energy_J,cumulative_energy_MWh
0.0,0.0,0.0,37.48721128106425,962052.3948372487,0.0,0.0
86400.0,1.0,0.0027397260273972603,26.507237606147342,577753.3162151569,66519606717.46392,18.47766853262887
172800.0,2.0,0.005479452054794521,23.661124446481686,478139.355626859,112134170141.039,31.148380594733055
259200.0,3.0,0.00821917808219178,22.525480587766936,438391.8205718427,151728316952.8229,42.146754709117474
345600.0,4.0,0.010958904109589041,21.899404730594355,416479.16557080246,188658743554.18518,52.40520654282922
432000.0,5.0,0.0136986301369863,21.484056794611234,401941.9878113932,224014537380.29602,62.226260383415564
518400.0,6.0,0.01643835616438356,21.17849611954676,391247.3641841366,258280317386.5029,71.74453260736192
604800.0,7.0,0.019178082191780823,20.939160852463726,382870.6298362304,291722214728.18274,81.03394853560631
691200.0,8.0,0.021917808219178082,20.74375029073633,376031.26017577155,324506776376.70123,90.14077121575035
777600.0,9.0,0.024657534246575342,20.579433663381913,370280.1782183669,356747430515.328,99.09650847648
864000.0,10.0,0.0273972602739726,20.438192833744164,365336.74918104574,388526081778.9826,107.92391160527295
950400.0,11.0,0.030136986301369864,20.314701614392693,361014.5565037442,419904458184.56555,116.64012727349044
1036800.0,12.0,0.03287671232876712,20.20525209586003,357183.823355101,450930628194.46765,125.25850783179656
1123200.0,13.0,0.03561643835616438,20.10716523287844,353750.7831507454,481643003195.5202,133.7897231098667
1209600.0,14.0,0.038356164383561646,20.01844604395882,350645.61153855873,512072927446.09814,142.24247984613837
1296000.0,15.0,0.0410958904109589,19.937571315813976,347814.99605348916,542246425694.0746,150.62400713724293
1382400.0,16.0,0.043835616438356165,19.86335326970574,345217.3644397009,572185423667.3804,158.94039546316122
1468800.0,17.0,0.04657534246575343,19.794848866584864,342819.71033047023,601908625297.4518,167.19684036040329
1555200.0,18.0,0.049315068493150684,19.73129763468514,340595.41721397993,631432158807.3721,175.39782189093668
1641600.0,19.0,0.052054794520547946,19.672077935023893,338522.7277258363,660770062668.7721,183.54723963021448
1728000.0,20.0,0.0547945205479452,19.616675496704094,336583.64238464326,689934657857.5448,191.64851607154023
1814400.0,21.0,0.057534246575342465,19.564660328068026,334763.1114823809,718936837624.6002,199.7046771179445
1900800.0,22.0,0.06027397260273973,19.515669474852395,333048.4316198338,747786296286.6158,207.71841563517106
1987200.0,23.0,0.06301369863013699,19.469393942020773,331428.787970727,776491712172.9281,215.69214227025782
2073600.0,24.0,0.06575342465753424,19.425568633923092,329894.90218730824,805060895587.7552,223.62802655215424
2160000.0,25.0,0.0684931506849315,19.383964517208245,328438.7581022886,833500909712.2659,231.5280304756294
2246400.0,26.0,0.07123287671232877,19.34438244523003,327053.385583051,861818170319.4725,239.39393619985347
2332800.0,27.0,0.07397260273972603,19.30664824041508,325732.68841452774,890018528716.168,247.22736908782443
2419200.0,28.0,0.07671232876712329,19.27060874023871,324471.3059083549,918107341270.9165,255.02981701969904
2505600.0,29.0,0.07945205479452055,19.23612859042423,323264.500664848,946089528114.8789,262.80264669857746
2592000.0,30.0,0.0821917808219178,19.203087622687733,322108.06679407065,973969623029.1042,270.5471175080845
2678400.0,31.0,0.08493150684931507,19.171378693980756,320998.2542893265,1001751816099.907,278.2643933610853
2764800.0,32.0,0.08767123287671233,19.140905894273374,319931.70629956806,1029439990397.3472,285.955552888152
2851200.0,33.0,0.09041095890410959,19.111583049662848,318905.40673819964,1057037753680.5787,293.6215982446052
2937600.0,34.0,0.09315068493150686,19.083332464918332,317916.6362721416,1084548465938.6255,301.2634627607293
3024000.0,35.0,0.0958904109589041,19.056083861127085,316962.935139448,1111975263423.6062,308.8820176176684
3110400.0,36.0,0.09863013698630137,19.0297734732576,316042.071564016,1139321079713.1958,316.4780776981099
3196800.0,37.0,0.10136986301369863,19.004343279942134,315152.01479797467,1166588664244.0337,324.0524067344538
3283200.0,38.0,0.10410958904109589,18.979740342892942,314290.912001253,1193780598681.7603,331.6057218560445
3369600.0,39.0,0.10684931506849316,18.95591623778818,313457.0683225863,1220899311431.75,339.13869761993055
3456000.0,40.0,0.1095890410958904,18.93282656219859,312648.9296769506,1247947090545.33,346.65196959592504
3542400.0,41.0,0.11232876712328767,18.910430507999944,311865.06777999806,1274926095235.4702,354.14613756540837
3628800.0,42.0,0.11506849315068493,18.888690488885445,311104.16711099056,1301838366182.761,361.6217683841003
3715200.0,43.0,0.1178082191780822,18.867571814396896,310365.01350389136,1328685834785.324,369.0793985514789
3801600.0,44.0,0.12054794520547946,18.84704240387824,309646.48413573846,1355470331483.356,376.51953652315444
3888000.0,45.0,0.1232876712328767,18.82707253460793,308947.53871127754,1382193593270.3472,383.9426647973187
3974400.0,46.0,0.12602739726027398,18.807634619340263,308267.2116769092,1408857270487.117,391.3492418019769
4060800.0,47.0,0.12876712328767123,18.78870300926911,307604.60532441887,1435462932981.5742,398.7397036059928
4147200.0,48.0,0.13150684931506848,18.770253819035336,306958.88366623677,1462012075705.9705,406.11446547388067
4233600.0,49.0,0.13424657534246576,18.752264770827605,306329.2669789662,1488506123813.8433,413.4739232816231
4320000.0,50.0,0.136986301369863,18.73471505525131,305715.0269337959,1514946437310.8745,420.81845480857623
4406400.0,51.0,0.13972602739726028,18.7175852068419,305115.4822394665,1541334315307.1594,428.1484209186554
4492800.0,52.0,0.14246575342465753,18.700856992224676,304529.99472786364,1567670999912.1482,435.46416664226336
4579200.0,53.0,0.14520547945205478,18.684513309805062,303957.96584317717,1593957679808.8171,442.7660221691159
4665600.0,54.0,0.14794520547945206,18.66853809919078,303398.8334716773,1620195493539.2188,450.0543037608941
4752000.0,55.0,0.1506849315068493,18.652916259509038,302852.0690828163,1646385532529.5728,457.329314591548
4838400.0,56.0,0.15342465753424658,18.63763357552543,302317.1751433901,1672528843880.1448,464.59134552226243
4924800.0,57.0,0.15616438356164383,18.622676650593547,301793.6827707742,1698626432942.0366,471.8406758172324
5011200.0,58.0,0.1589041095890411,18.60803284592419,301281.1496073466,1724679265700.7715,479.0775738057699
5097600.0,59.0,0.16164383561643836,18.593690225179415,300779.15788127953,1750688270984.28,486.30229749563335
5184000.0,60.0,0.1643835616438356,18.579637504086097,300287.3126430134,1776654342510.9294,493.51509514192486
5270400.0,61.0,0.16712328767123288,18.565864004477763,299805.24015672173,1802578340791.878,500.71620577552164
5356800.0,62.0,0.16986301369863013,18.55235961217293,299332.5864260525,1828461094900.2537,507.9058596945149
5443200.0,63.0,0.1726027397260274,18.539114738534607,298869.01584871125,1854303404118.5234,515.084278921812
5529600.0,64.0,0.17534246575342466,18.52612028515258,298414.20998034027,1880106039474.3384,522.2516776317607
5616000.0,65.0,0.1780821917808219,18.513367611450512,297967.86640076793,1905869745174.0022,529.4082625483339
5702400.0,66.0,0.18082191780821918,18.50084850485719,297529.6976700016,1931595239941.8594,536.5542333171832
5788800.0,67.0,0.18356164383561643,18.488555153439357,297099.4303703775,1957283218273.2039,543.6897828536678
5875200.0,68.0,0.1863013698630137,18.47648012056168,296676.8042196587,1982934351607.4934,550.8150976687482
5961600.0,69.0,0.18904109589041096,18.464616321581214,296261.5712553425,2008549289428.0134,557.9303581744482
6048000.0,70.0,0.1917808219178082,18.45295700226389,295853.49507923616,2034128660293.6672,565.0357389704632
6134400.0,71.0,0.19452054794520549,18.441495718844404,295452.35015955416,2059673072807.983,572.1314091133286
6220800.0,72.0,0.19726027397260273,18.430226319540186,295057.9211839065,2085183116530.0205,579.2175323694502
6307200.0,73.0,0.2,18.419142927399548,294670.0024589842,2110659362831.3933,586.2942674531648
6393600.0,74.0,0.20273972602739726,18.408239924412545,294288.3973544391,2136102365703.3333,593.3617682509259
6480000.0,75.0,0.2054794520547945,18.39751193671842,293912.9177851447,2161512662517.3633,600.4201840326009
6566400.0,76.0,0.20821917808219179,18.386953820838826,293543.3837293589,2186890774742.7898,607.4696596507749
6652800.0,77.0,0.21095890410958903,18.376560650915668,293179.62278204836,2212237208624.0825,614.5103357289119
6739200.0,78.0,0.2136986301369863,18.366327706713342,292821.469734967,2237552455820.8174,621.5423488391159
6825600.0,79.0,0.21643835616438356,18.356250462524812,292468.76618836843,2262836994012.7056,628.565831670196
6912000.0,80.0,0.2191780821917808,18.346324576748547,292121.36018619913,2288091287472.087,635.5809131866909
6998400.0,81.0,0.2219178082191781,18.336545882221593,291779.10587775573,2313315787606.05,642.5877187794583
7084800.0,82.0,0.22465753424657534,18.326910377067165,291441.86319735076,2338510933470.094,649.5863704083595
7171200.0,83.0,0.2273972602739726,18.317414216206537,291109.4975672288,2363677152255.124,656.5769867375344
7257600.0,84.0,0.23013698630136986,18.30805370338948,290781.8796186318,2388814859749.553,663.5596832637648
7344000.0,85.0,0.2328767123287671,18.298825283708123,290458.8849297843,2413924460778.045,670.5345724383458
7430400.0,86.0,0.2356164383561644,18.289725536604752,290140.39378116635,2439006349618.358,677.5017637828772
7516800.0,87.0,0.23835616438356164,18.280751169229934,289826.2909230477,2464060910397.58,684.4613639993278
7603200.0,88.0,0.2410958904109589,18.271899010285576,289516.46535999514,2489088517469.0073,691.4134770747243
7689600.0,89.0,0.24383561643835616,18.26316600419209,289210.8101467232,2514089535770.8975,698.3582043808049
7776000.0,90.0,0.2465753424657534,18.254549205597108,288909.22219589876,2539064321168.0986,705.2956447689163
7862400.0,91.0,0.2493150684931507,18.246045774200375,288611.60209701315,2564013220777.5522,712.2258946604312
7948800.0,92.0,0.25205479452054796,18.237652969894516,288317.853946308,2588936573278.6235,719.149048132951
8035200.0,93.0,0.2547945205479452,18.22936814817897,288027.88518626394,2613834709209.151,726.0651970025419
8121600.0,94.0,0.25753424657534246,18.221188755802537,287741.6064530888,2638707951247.9707,732.9744309022141
8208000.0,95.0,0.2602739726027397,18.213112326680204,287458.9314338071,2663556614484.6846,739.8768373568569
8294400.0,96.0,0.26301369863013696,18.205136478032475,287179.77673113666,2688381006677.41,746.7725018548362
8380800.0,97.0,0.26575342465753427,18.1972589067164,286904.061735074,2713181428499.1504,753.6615079164307
8467200.0,98.0,0.2684931506849315,18.189477385759815,286631.70850159356,2737958173773.3745,760.5439371592707
8553600.0,99.0,0.27123287671232876,18.181789761097637,286362.64163841726,2762711529699.423,767.4198693609508
8640000.0,100.0,0.273972602739726,18.1741939484521,286096.7881958235,2787441777068.262,774.2893825189617
8726400.0,101.0,0.27671232876712326,18.166687930404905,285834.0775641717,2812149190469.094,781.1525529080817
8812800.0,102.0,0.27945205479452057,18.159269753592866,285574.44137575035,2836834038487.299,788.0094551353608
8899200.0,103.0,0.2821917808219178,18.15193752607547,285317.8134126415,2861496583894.157,794.8601621928215
8985600.0,104.0,0.28493150684931506,18.14468941481345,285064.1295184707,2886137083828.7812,801.7047455079947
9072000.0,105.0,0.2876712328767123,18.13752364327447,284813.32751460647,2910755789972.6104,808.5432749923917
9158400.0,106.0,0.29041095890410956,18.130438489180158,284565.34712130553,2935352948716.882,815.3758190880227
9244800.0,107.0,0.29315068493150687,18.12343228234338,284320.1298820183,2959928801323.4253,822.2024448120626
9331200.0,108.0,0.2958904109589041,18.116503402615677,284077.6190915487,2984483584079.0835,829.0232177997455
9417600.0,109.0,0.29863013698630136,18.10965027792896,283837.7597275136,3009017528444.067,835.8382023455741
9504000.0,110.0,0.3013698630136986,18.102871382456595,283600.49838598084,3033530861194.57,842.6474614429361
9590400.0,111.0,0.3041095890410959,18.096165234817494,283365.7832186123,3058023804559.888,849.4510568221912
9676800.0,112.0,0.30684931506849317,18.089530396407287,283133.56387425505,3082496576354.3003,856.2490489873056
9763200.0,113.0,0.3095890410958904,18.08296546977777,282903.7914422219,3106949390103.972,863.0414972511034
9849600.0,114.0,0.31232876712328766,18.076469097121088,282676.4183992381,3131382455169.123,869.8284597692009
9936000.0,115.0,0.3150684931506849,18.07003995877281,282451.39855704835,3155795976861.635,876.6099935726763
10022400.0,116.0,0.3178082191780822,18.063676771857626,282228.6870150169,3180190156558.348,883.3861545995411
10108800.0,117.0,0.32054794520547947,18.05737828891531,282008.2401120358,3204565191810.237,890.1569977250658
10195200.0,118.0,0.3232876712328767,18.051143296647613,281790.01538266643,3228921276447.608,896.9225767910021
10281600.0,119.0,0.32602739726027397,18.044970614689813,281573.97151414346,3253258600681.5503,903.682944633764
10368000.0,120.0,0.3287671232876712,18.03885909445543,281360.06830594,3277577351201.778,910.438153111605
10454400.0,121.0,0.3315068493150685,18.032807618006647,281148.2666302326,3301877711271.0205,917.188253130839
10540800.0,122.0,0.33424657534246577,18.026815097006804,280938.5283952381,3326159860816.1206,923.9332946711446
10627200.0,123.0,0.336986301369863,18.020880471674033,280730.8165085912,3350423976515.966,930.6733268099905
10713600.0,124.0,0.33972602739726027,18.015002709829073,280525.0948440175,3374670231886.3984,937.4083977462218
10800000.0,125.0,0.3424657534246575,18.009180805939373,280321.32820787805,3398898797362.24,944.1385548228445
10886400.0,126.0,0.3452054794520548,18.003413780234833,280119.4823082192,3423109840376.5356,950.8638445490377
10972800.0,127.0,0.34794520547945207,17.997700677845874,279919.52372460556,3447303525437.154,957.5843126214316
11059200.0,128.0,0.3506849315068493,17.99204056796494,279721.41987877287,3471480014200.82,964.3000039446722
11145600.0,129.0,0.35342465753424657,17.986432543066396,279525.1390073239,3495639465544.699,971.0109626513054
11232000.0,130.0,0.3561643835616438,17.980875718157016,279330.6501354955,3519782035635.669,977.7172321210192
11318400.0,131.0,0.3589041095890411,17.97536923001465,279137.92305051273,3543907877997.3047,984.4188549992513
11404800.0,132.0,0.36164383561643837,17.969912236525378,278946.9282783882,3568017143574.7134,991.1158732151981
11491200.0,133.0,0.3643835616438356,17.96450391598463,278757.637059462,3592109980797.3086,997.8083279992524
11577600.0,134.0,0.36712328767123287,17.959143466470092,278570.0213264532,3616186535639.58,1004.4962598998834
11664000.0,135.0,0.3698630136986301,17.953830105202787,278384.0536820975,3640246951679.9497,1011.179708799986
11750400.0,136.0,0.3726027397260274,17.948563067962688,278199.7073786941,3664291370157.776,1017.8587139327155
11836800.0,137.0,0.37534246575342467,17.94334160851303,278016.95629795606,3688319930028.607,1024.5333138968354
11923200.0,138.0,0.3780821917808219,17.938164998047792,277835.7749316727,3712332768017.727,1031.2035466715909
12009600.0,139.0,0.38082191780821917,17.93303252464922,277656.1383627227,3736330018672.045,1037.8694496311236
12096000.0,140.0,0.3835616438356164,17.927943492798004,277478.0222479302,3760311814410.4253,1044.5310595584515
12182400.0,141.0,0.3863013698630137,17.922897222864357,277301.4028002525,3784278285572.507,1051.1884126590296
12268800.0,142.0,0.38904109589041097,17.91789305063186,277126.2567721151,3808229560466.033,1057.841544573898
12355200.0,143.0,0.3917808219178082,17.91293032685726,276952.5614400041,3832165765412.797,1064.4904903924437
12441600.0,144.0,0.39452054794520547,17.90800841682089,276780.2945887312,3856087024793.2383,1071.1352846647885
12528000.0,145.0,0.3972602739726027,17.90312669988875,276609.4344961063,3879993461089.703,1077.7759614138065
12614400.0,146.0,0.4,17.898284569133956,276439.95991968847,3903885194928.4653,1084.4125541467959
12700800.0,147.0,0.40273972602739727,17.893481430917298,276271.85008210543,3927762345120.543,1091.0450958668175
12787200.0,148.0,0.4054794520547945,17.888716704509267,276105.08465782437,3951625028701.308,1097.6736190836966
12873600.0,149.0,0.40821917808219177,17.88398982174163,275939.643760957,3975473360968.9995,1104.298155824722
12960000.0,150.0,0.410958904109589,17.879300226633866,275775.5079321853,3999307455522.143,1110.9187376450398
13046400.0,151.0,0.4136986301369863,17.87464737505354,275612.65812687395,4023127424295.8945,1117.5353956377485
13132800.0,152.0,0.41643835616438357,17.870030734399805,275451.07570399315,4046933377597.388,1124.148160443719
13219200.0,153.0,0.4191780821917808,17.86544978326853,275290.7424143986,4070725424140.1025,1130.7570622611395
13305600.0,154.0,0.42191780821917807,17.86090401115473,275131.64039041556,4094503671077.2705,1137.3621308547974
13392000.0,155.0,0.4246575342465753,17.856392918152288,274973.75213533005,4118268224034.383,1143.9633955651063
13478400.0,156.0,0.4273972602739726,17.85191601466347,274817.0605132214,4142019187140.8003,1150.560885316889
13564800.0,157.0,0.4301369863013699,17.847472821131284,274661.54873959493,4165756663060.522,1157.1546286279229
13651200.0,158.0,0.4328767123287671,17.84306286774866,274507.20037120313,4189480753022.1084,1163.7446536172524
13737600.0,159.0,0.43561643835616437,17.83868569422976,274353.99929804157,4213191556847.82,1170.3309880132833
13824000.0,160.0,0.4383561643835616,17.834340849532634,274201.9297336422,4236889172981.989,1176.9136591616636
13910400.0,161.0,0.4410958904109589,17.83002789162662,274050.97620693175,4260573698518.6216,1183.4926940329503
13996800.0,162.0,0.4438356164383562,17.825746387259745,273901.1235540911,4284245229228.298,1190.0681192300826
14083200.0,163.0,0.4465753424657534,17.821495911728096,273752.3569104834,4307903859584.3677,1196.6399609956577
14169600.0,164.0,0.44931506849315067,17.817276048643546,273604.6617025241,4331549682788.4497,1203.2082452190139
14256000.0,165.0,0.4520547945205479,17.81308638974944,273458.0236412304,4355182790795.3,1209.7729974431388
14342400.0,166.0,0.4547945205479452,17.80892653468505,273312.42871397675,4378803274337.045,1216.3342428714013
14428800.0,167.0,0.4575342465753425,17.80479609079766,273167.8631779181,4402411222946.774,1222.892006374104
14515200.0,168.0,0.4602739726027397,17.800694672950367,273024.31355326285,4426006724981.562,1229.4463124948782
14601600.0,169.0,0.46301369863013697,17.796621903329797,272881.7666165429,4449589867644.897,1235.997185456916
14688000.0,170.0,0.4657534246575342,17.792577411267168,272740.2093943509,4473160737008.568,1242.5446491690468
14774400.0,171.0,0.4684931506849315,17.7885608330579,272599.62915702653,4496719418033.988,1249.0887272316634
14860800.0,172.0,0.4712328767123288,17.784571811796074,272460.01341286255,4520265994593.008,1255.6294429425022
14947200.0,173.0,0.473972602739726,17.780609997198628,272321.34990195197,4543800549488.208,1262.16681930228
15033600.0,174.0,0.4767123287671233,17.776675045460635,272183.62659112224,4567323164472.709,1268.700879020197
15120000.0,175.0,0.4794520547945205,17.77276661907854,272046.83166774886,4590833920269.492,1275.2316445193035
15206400.0,176.0,0.4821917808219178,17.76888438671889,271910.9535351612,4614332896590.258,1281.7591379417383
15292800.0,177.0,0.4849315068493151,17.765028023054963,271775.9808069237,4637820172153.836,1288.2833811538433
15379200.0,178.0,0.4876712328767123,17.761197208636897,271641.9023022914,4661295824704.154,1294.804395751154
15465600.0,179.0,0.4904109589041096,17.757391629740525,271508.70704091835,4684759931027.781,1301.3222030632726
15552000.0,180.0,0.4931506849315068,17.753610978247576,271376.38423866517,4708212566971.06,1307.8368241586277
15638400.0,181.0,0.4958904109589041,17.749854951497923,271244.9233024273,4731653807456.835,1314.348279849121
15724800.0,182.0,0.4986301369863014,17.746123252177107,271114.31382619875,4755083726500.792,1320.8565906946644
15811200.0,183.0,0.5013698630136987,17.742415588187946,270984.5455865781,4778502397227.424,1327.3617770076178
15897600.0,184.0,0.5041095890410959,17.738731672530246,270855.6085385586,4801909891885.63,1333.8638588571193
15984000.0,185.0,0.5068493150684932,17.735071223180856,270727.49281132995,4825306281863.945,1340.3628560733182
16070400.0,186.0,0.5095890410958904,17.731433962991343,270600.188704697,4848691637705.4375,1346.8587882515103
16156800.0,187.0,0.5123287671232877,17.727819619566624,270473.68668483186,4872066029122.266,1353.3516747561848
16243200.0,188.0,0.5150684931506849,17.72422792516361,270347.97738072637,4895429525009.897,1359.8415347249716
16329600.0,189.0,0.5178082191780822,17.720658616587574,270223.0515805651,4918782193461.025,1366.328387072507
16416000.0,190.0,0.5205479452054794,17.71711143508767,270098.90022806847,4942124101779.158,1372.8122504942105
16502400.0,191.0,0.5232876712328767,17.713586126264456,269975.51441925595,4965455316491.923,1379.2931434699785
16588800.0,192.0,0.5260273972602739,17.710082439967383,269852.8853988584,4988775903364.065,1385.771084267796
16675200.0,193.0,0.5287671232876713,17.70660013020945,269731.0045573307,5012085927410.173,1392.2460909472702
16761600.0,194.0,0.5315068493150685,17.703138955065494,269609.8634272923,5035385452907.108,1398.7181813630857
16848000.0,195.0,0.5342465753424658,17.699698676601145,269489.4536810401,5058674543406.188,1405.1873731683856
16934400.0,196.0,0.536986301369863,17.696279060769264,269369.76712692424,5081953261745.093,1411.6536838180814
17020800.0,197.0,0.5397260273972603,17.6928798773373,269250.79570680554,5105221670059.51,1418.1171305720861
17107200.0,198.0,0.5424657534246575,17.689500899803466,269132.5314931213,5128479829794.547,1424.5777304984852
17193600.0,199.0,0.5452054794520548,17.686141905315516,269014.9666860431,5151727801715.887,1431.0355004766352
17280000.0,200.0,0.547945205479452,17.682802674596505,268898.0936108777,5174965645920.714,1437.4904572001983
17366400.0,201.0,0.5506849315068493,17.67948299187126,268781.90471549414,5198193421848.413,1443.9426171801147
17452800.0,202.0,0.5534246575342465,17.676182644785488,268666.3925674921,5221411188291.038,1450.3919967475106
17539200.0,203.0,0.5561643835616439,17.67290142434655,268551.5498521292,5244619003403.565,1456.838612056546
17625600.0,204.0,0.5589041095890411,17.669639124843197,268437.3693695119,5267816924713.94,1463.2824790872057
17712000.0,205.0,0.5616438356164384,17.666395543780748,268323.8440323262,5291005009132.899,1469.7236136480276
17798400.0,206.0,0.5643835616438356,17.663170481823066,268210.9668638073,5314183312963.612,1476.1620313787812
17884800.0,207.0,0.5671232876712329,17.659963742710705,268098.73099487467,5337351891911.107,1482.5977477530853
17971200.0,208.0,0.5698630136986301,17.656775133224958,267987.1296628735,5360510801091.522,1489.0307780809785
18057600.0,209.0,0.5726027397260274,17.6536044630995,267876.1562084826,5383660095041.165,1495.4611375114348
18144000.0,210.0,0.5753424657534246,17.65045154497552,267765.80407414323,5406799827725.374,1501.888841034826
18230400.0,211.0,0.5780821917808219,17.64731619434431,267656.06680205086,5429930052547.226,1508.3139034853405
18316800.0,212.0,0.5808219178082191,17.64419822948275,267546.93803189625,5453050822356.052,1514.7363395433476
18403200.0,213.0,0.5835616438356165,17.64109747140569,267438.41149919917,5476162189455.795,1521.1561637377208
18489600.0,214.0,0.5863013698630137,17.638013743805175,267330.48103318113,5499264205613.193,1527.5733904481092
18576000.0,215.0,0.589041095890411,17.63494687300871,267223.14055530494,5522356922065.816,1533.9880339071713
18662400.0,216.0,0.5917808219178082,17.631896687914313,267116.38407700096,5545440389529.932,1540.4001082027587
18748800.0,217.0,0.5945205479452055,17.62886301994913,267010.20569821954,5568514658208.221,1546.8096272800612
18835200.0,218.0,0.5972602739726027,17.62584570301573,266904.5996055506,5591579777797.344,1553.2166049437067
18921600.0,219.0,0.6,17.62284457345526,266799.5600709341,5614635797495.368,1559.6210548598244
19008000.0,220.0,0.6027397260273972,17.619859469985606,266695.0814494962,5637682766009.051,1566.0229905580698
19094400.0,221.0,0.6054794520547945,17.61689023366251,266591.15817818785,5660720731560.967,1572.4224254336018
19180800.0,222.0,0.6082191780821918,17.613936707840494,266487.7847744173,5683749741896.52,1578.8193727490332
19267200.0,223.0,0.6109589041095891,17.610998738123413,266384.95583431947,5706769844290.817,1585.2138456363382
19353600.0,224.0,0.6136986301369863,17.608076172318132,266282.6660311346,5729781085555.405,1591.6058570987236
19440000.0,225.0,0.6164383561643836,17.605168860408543,266180.91011429904,5752783512044.888,1597.995420012469
19526400.0,226.0,0.6191780821917808,17.602276654495583,266079.6829073454,5775777169663.423,1604.3825471287287
19612800.0,227.0,0.6219178082191781,17.59939940877071,265978.9793069749,5798762103871.081,1610.7672510753002
19699200.0,228.0,0.6246575342465753,17.596536979476888,265878.7942816911,5821738359690.111,1617.1495443583642
19785600.0,229.0,0.6273972602739726,17.593689224863166,265779.1228702108,5844705981711.073,1623.529439364187
19872000.0,230.0,0.6301369863013698,17.590856005156397,265679.96018047386,5867665014098.863,1629.9069483607955
19958400.0,231.0,0.6328767123287671,17.588037182518164,265581.30138813576,5890615500598.627,1636.2820834996187
20044800.0,232.0,0.6356164383561644,17.58523262101459,265483.14173551067,5913557484541.568,1642.6548568171024
20131200.0,233.0,0.6383561643835617,17.58244218657911,265385.4765302689,5936491008850.65,1649.0252802362918
20217600.0,234.0,0.6410958904109589,17.57966574698317,265288.301144411,5959416116046.196,1655.393365568388
20304000.0,235.0,0.6438356164383562,17.57690317179733,265191.61101290653,5982332848251.393,1661.7591245142758
20390400.0,236.0,0.6465753424657534,17.574154332361648,265095.4016326577,6005241247197.681,1668.1225686660225
20476800.0,237.0,0.6493150684931507,17.57141910175222,264999.6685613277,6028141354230.061,1674.48370950835
20563200.0,238.0,0.6520547945205479,17.56869735475942,264904.40741657966,6051033210312.306,1680.842558420085
20649600.0,239.0,0.6547945205479452,17.565988967846106,264809.6138746137,6073916856032.085,1687.1991266755792
20736000.0,240.0,0.6575342465753424,17.563293819121867,264715.28366926534,6096792331605.98,1693.5534254461056
20822400.0,241.0,0.6602739726027397,17.560611788318653,264621.4125911528,6119659676884.431,1699.9054658012308
20908800.0,242.0,0.663013698630137,17.55794275675965,264527.9964865878,6142518931356.589,1706.2552587101636
20995200.0,243.0,0.6657534246575343,17.55528660732757,264435.03125646495,6165370134155.089,1712.6028150430802
21081600.0,244.0,0.6684931506849315,17.55264322444574,264342.512855601,6188213324060.73,1718.9481455724251
21168000.0,245.0,0.6712328767123288,17.55001249404667,264250.4372916334,6211048539507.091,1725.2912609741918
21254400.0,246.0,0.673972602739726,17.547394303544976,264158.8006240742,6233875818585.05,1731.6321718291806
21340800.0,247.0,0.6767123287671233,17.544788541816388,264067.5989635736,6256695199047.236,1737.9708886242322
21427200.0,248.0,0.6794520547945205,17.542195099166324,263976.8284708214,6279506718312.402,1744.3074217534452
21513600.0,249.0,0.6821917808219178,17.53961386731853,263886.4853561485,6302310413469.728,1750.6417815193688
21600000.0,250.0,0.684931506849315,17.537044739373606,263796.5658780762,6325106321283.046,1756.9739781341793
21686400.0,251.0,0.6876712328767123,17.534487609800802,263707.0663430281,6347894478194.998,1763.3040217208327
21772800.0,252.0,0.6904109589041096,17.531942374409894,263617.9831043463,6370674920331.125,1769.6319223142013
21859200.0,253.0,0.6931506849315069,17.52940893032226,263529.31256127905,6393447683503.88,1775.9576898621888
21945600.0,254.0,0.6958904109589041,17.526887175961747,263441.05115866114,6416212803216.581,1782.281334226828
22032000.0,255.0,0.6986301369863014,17.524377011023926,263353.1953858374,6438970314667.304,1788.6028651853621
22118400.0,256.0,0.7013698630136986,17.521878336460126,263265.74177610443,6461720252752.699,1794.9222924313053
22204800.0,257.0,0.7041095890410959,17.519391054451024,263178.6869057858,6484462652071.757,1801.239625575488
22291200.0,258.0,0.7068493150684931,17.51691506839286,263092.02739375003,6507197546929.497,1807.5548741470825
22377600.0,259.0,0.7095890410958904,17.514450282875472,263005.7599006415,6529924971340.615,1813.8680475946153
22464000.0,260.0,0.7123287671232876,17.511996603658957,262919.8811280635,6552644959033.056,1820.17915528696
22550400.0,261.0,0.7150684931506849,17.50955393766419,262834.3878182467,6575357543451.536,1826.4882065143156
22636800.0,262.0,0.7178082191780822,17.50712219294735,262749.27675315726,6598062757761.0205,1832.7952104891724
22723200.0,263.0,0.7205479452054795,17.50470127867636,262664.5447536726,6620760634850.115,1839.1001763472543
22809600.0,264.0,0.7232876712328767,17.502291105124783,262580.1886793674,6643451207334.423,1845.4031131484508
22896000.0,265.0,0.726027397260274,17.49989158365097,262496.205427784,6666134507559.852,1851.7040298777365
22982400.0,266.0,0.7287671232876712,17.497502626677452,262412.59193371085,6688810567605.868,1858.0029354460744
23068800.0,267.0,0.7315068493150685,17.495124147670293,262329.3451684602,6711479419288.682,1864.2998386913005
23155200.0,268.0,0.7342465753424657,17.49275606113851,262246.46213984786,6734141094164.4,1870.594748379
23241600.0,269.0,0.736986301369863,17.49039828259875,262163.9398909563,6756795623532.131,1876.8876732033698
23328000.0,270.0,0.7397260273972602,17.488050728573775,262081.77550008212,6779443038437.023,1883.1786217880622
23414400.0,271.0,0.7424657534246575,17.485713316566244,261999.96607981855,6802083369673.275,1889.4676026870209
23500800.0,272.0,0.7452054794520548,17.483385965053433,261918.50877687015,6824716647787.084,1895.7546243853012
23587200.0,273.0,0.7479452054794521,17.481068593463736,261837.40077123075,6847342903079.562,1902.0396952998783
23673600.0,274.0,0.7506849315068493,17.47876112216954,261756.63927593394,6869962165609.599,1908.322823780444
23760000.0,275.0,0.7534246575342466,17.476463472466175,261676.22153631615,6892574465196.6875,1914.604018110191
23846400.0,276.0,0.7561643835616438,17.474175566562472,261596.14482968653,6915179831423.699,1920.883286506583
23932800.0,277.0,0.7589041095890411,17.47189732756183,261516.40646466406,6937778293639.615,1927.1606371221153
24019200.0,278.0,0.7616438356164383,17.469628679457035,261437.00378099622,6960369880962.228,1933.4360780450631
24105600.0,279.0,0.7643835616438356,17.467369547107197,261357.93414875187,6982954622280.793,1939.7096173002203
24192000.0,280.0,0.7671232876712328,17.465119856231727,261279.19496811045,7005532546258.642,1945.9812628496227
24278400.0,281.0,0.7698630136986301,17.462879533395,261200.783668825,7028103681335.757,1952.2510225932658
24364800.0,282.0,0.7726027397260274,17.460648505992786,261122.69770974753,7050668055731.312,1958.5189043698088
24451200.0,283.0,0.7753424657534247,17.458426702242384,261044.93457848346,7073225697446.163,1964.7849159572675
24537600.0,284.0,0.7780821917808219,17.456214051165627,260967.49179079695,7095776634265.316,1971.049065073699
24624000.0,285.0,0.7808219178082192,17.45401048258684,260890.36689053933,7118320893760.351,1977.311359377875
24710400.0,286.0,0.7835616438356164,17.45181592710786,260813.55744877507,7140858503291.809,1983.5718064699468
24796800.0,287.0,0.7863013698630137,17.449630316106248,260737.06106371866,7163389490011.548,1989.8304138920967
24883200.0,288.0,0.7890410958904109,17.44745358172125,260660.8753602437,7185913880865.063,1996.0871891291843
24969600.0,289.0,0.7917808219178082,17.445285656842024,260584.99798947087,7208431702593.771,2002.3421396093809
25056000.0,290.0,0.7945205479452054,17.44312647509646,260509.42662837607,7230942981737.263,2008.5952727047952
25142400.0,291.0,0.7972602739726027,17.440975970844374,260434.1589795531,7253447744635.525,2014.8465957320905
25228800.0,292.0,0.8,17.438834079160102,260359.19277060358,7275946017431.132,2021.096115953092
25315200.0,293.0,0.8027397260273973,17.4367007358293,260284.52575402556,7298437826071.3955,2027.3438405753877
25401600.0,294.0,0.8054794520547945,17.434575877332126,260210.1557066244,7320923196310.495,2033.5897767529152
25488000.0,295.0,0.8082191780821918,17.432459440840134,260136.08042940468,7343402153711.571,2039.8339315865476
25574400.0,296.0,0.810958904109589,17.43035136420011,260062.29774700385,7365874723648.792,2046.0763121246644
25660800.0,297.0,0.8136986301369863,17.42825158593089,259988.8055075812,7388340931309.39,2052.3169253637193
25747200.0,298.0,0.8164383561643835,17.426160045207446,259915.60158226063,7410800801695.671,2058.5557782487977
25833600.0,299.0,0.8191780821917808,17.42407668185562,259842.6838649467,7433254359626.99,2064.792877674164
25920000.0,300.0,0.821917808219178,17.42200143634287,259770.0502720005,7455701629741.706,2071.0282304838074
26006400.0,301.0,0.8246575342465754,17.4199342497666,259697.69874183106,7478142636499.104,2077.2618434719734
26092800.0,302.0,0.8273972602739726,17.41787506384921,259625.6272347223,7500577404181.291,2083.4937233836918
26179200.0,303.0,0.8301369863013699,17.415823820928033,259553.83373248114,7523005956895.074,2089.723876915298
26265600.0,304.0,0.8328767123287671,17.413780463943763,259482.3162380317,7545428318573.801,2095.952310714945
26352000.0,305.0,0.8356164383561644,17.411744936435593,259411.07277524573,7567844512979.175,2102.1790313831043
26438400.0,306.0,0.8383561643835616,17.409717182532045,259340.10138862158,7590254563703.054,2108.4040454730703
26524800.0,307.0,0.8410958904109589,17.407697146946575,259269.4001431301,7612658494169.226,2114.6273594914514
26611200.0,308.0,0.8438356164383561,17.405684774960434,259198.9671236152,7635056327635.149,2120.8489798986525
26697600.0,309.0,0.8465753424657534,17.4036800124229,259128.8004348015,7657448087193.673,2127.0689131093536
26784000.0,310.0,0.8493150684931506,17.401682805741004,259058.89820093513,7679833795774.736,2133.2871654929822
26870400.0,311.0,0.852054794520548,17.399693101873822,258989.2585655838,7702213476147.05,2139.5037433741804
26956800.0,312.0,0.8547945205479452,17.397710848319257,258919.879691174,7724587150919.742,2145.718653033262
27043200.0,313.0,0.8575342465753425,17.39573599311525,258850.7597590337,7746954842543.991,2151.9319007066642
27129600.0,314.0,0.8602739726027397,17.393768484827064,258781.89696894723,7769316573314.64,2158.1434925874
27216000.0,315.0,0.863013698630137,17.391808272537812,258713.28953882342,7791672365371.775,2164.353434825493
27302400.0,316.0,0.8657534246575342,17.389855305850983,258644.93570478438,7814022240702.299,2170.5617335284164
27388800.0,317.0,0.8684931506849315,17.387909534872307,258576.83372053073,7836366221141.473,2176.76839476152
27475200.0,318.0,0.8712328767123287,17.385970910213732,258508.98185748063,7858704328374.442,2182.973424548456
27561600.0,319.0,0.873972602739726,17.38403938297735,258441.3784042072,7881036583937.747,2189.1768288715966
27648000.0,320.0,0.8767123287671232,17.382114904754236,258374.02166639824,7903363009220.797,2195.3786136724434
27734400.0,321.0,0.8794520547945206,17.380197427617485,258306.90996661197,7925683625467.343,2201.5787848520395
27820800.0,322.0,0.8821917808219178,17.378286904115562,258240.0416440447,7947998453776.923,2207.7773482713674
27907200.0,323.0,0.8849315068493151,17.376383287265764,258173.41505430173,7970307515106.291,2213.9743097517476
27993600.0,324.0,0.8876712328767123,17.374486530549166,258107.02856922083,7992610830270.827,2220.16967507523
28080000.0,325.0,0.8904109589041096,17.372596587900425,258040.88057651487,8014908419945.923,2226.3634499849786
28166400.0,326.0,0.8931506849315068,17.37071341371068,257974.96947987375,8037200304668.358,2232.555640185655
28252800.0,327.0,0.8958904109589041,17.36883696281168,257909.29369840884,8059486504837.66,2238.7462513437945
28339200.0,328.0,0.8986301369863013,17.36696719047644,257843.85166667541,8081767040717.432,2244.9352890881755
28425600.0,329.0,0.9013698630136986,17.365104052413113,257778.64183445895,8104041932436.681,2251.122759010189
28512000.0,330.0,0.9041095890410958,17.363247504757773,257713.66266652205,8126311199991.123,2257.3086666642007
28598400.0,331.0,0.9068493150684932,17.361397504066534,257648.9126423287,8148574863244.466,2263.4930175679074
28684800.0,332.0,0.9095890410958904,17.359554007317364,257584.39025610773,8170832941929.679,2269.6758172026884
28771200.0,333.0,0.9123287671232877,17.35771697190014,257520.09401650485,8193085455650.256,2275.8570710139597
28857600.0,334.0,0.915068493150685,17.35588635560754,257456.02244626396,8215332423881.447,2282.036784411513
28944000.0,335.0,0.9178082191780822,17.354062116639142,257392.17408236995,8237573865971.484,2288.214962769857
29030400.0,336.0,0.9205479452054794,17.352244213590645,257328.54747567256,8259809801142.792,2294.3916114285535
29116800.0,337.0,0.9232876712328767,17.350432605446677,257265.1411906337,8282040248493.177,2300.566735692549
29203200.0,338.0,0.9260273972602739,17.34862725158465,257201.9538054627,8304265226997.008,2306.740340832502
29289600.0,339.0,0.9287671232876712,17.34682811176039,257138.9839116137,8326484755506.386,2312.912432085107
29376000.0,340.0,0.9315068493150684,17.345035146107637,257076.2301137673,8348698852752.282,2319.0830146534117
29462400.0,341.0,0.9342465753424658,17.343248315133888,257013.69102968607,8370907537345.68,2325.252093707133
29548800.0,342.0,0.936986301369863,17.341467579716912,256951.36529009193,8393110827778.694,2331.4196743829707
29635200.0,343.0,0.9397260273972603,17.339692901096086,256889.25153836302,8415308742425.684,2337.585761784912
29721600.0,344.0,0.9424657534246575,17.337924240869302,256827.3484304256,8437501299544.335,2343.7503609845376
29808000.0,345.0,0.9452054794520548,17.336161560994057,256765.654634792,8459688517276.752,2349.91347702132
29894400.0,346.0,0.947945205479452,17.334404823773866,256704.16883208533,8481870413650.521,2356.0751149029225
29980800.0,347.0,0.9506849315068493,17.332653991863737,256642.8897152308,8504047006579.766,2362.2352796054906
30067200.0,348.0,0.9534246575342465,17.330909028255427,256581.81598893992,8526218313866.186,2368.3939760739404
30153600.0,349.0,0.9561643835616438,17.329169896284107,256520.94636994373,8548384353200.089,2374.551209222247
30240000.0,350.0,0.958904109589041,17.327436559616135,256460.27958656472,8570545142161.41,2380.706983933725
30326400.0,351.0,0.9616438356164384,17.32570898224925,256399.81437872373,8592700698220.711,2386.8613050613085
30412800.0,352.0,0.9643835616438357,17.323987128506555,256339.54949772943,8614851038740.174,2393.014177427826
30499200.0,353.0,0.9671232876712329,17.322270963036004,256279.48370626016,8636996180974.586,2399.165605826274
30585600.0,354.0,0.9698630136986301,17.320560450801022,256219.61577803578,8659136142072.308,2405.3155950200853
30672000.0,355.0,0.9726027397260274,17.318855557082188,256159.94449787657,8681270939076.227,2411.4641497433963
30758400.0,356.0,0.9753424657534246,17.31715624746957,256100.46866143492,8703400588924.709,2417.611274701308
30844800.0,357.0,0.9780821917808219,17.315462487862437,256041.1870751853,8725525108452.531,2423.7569745701476
30931200.0,358.0,0.9808219178082191,17.313774244462454,255982.0985561859,8747644514391.807,2429.901253997724
31017600.0,359.0,0.9835616438356164,17.312091483772996,255923.20193205486,8769758823372.898,2436.044117603583
31104000.0,360.0,0.9863013698630136,17.310414172591596,255864.49604070585,8791868051925.321,2442.185569979256
31190400.0,361.0,0.989041095890411,17.308742278013646,255805.97973047761,8813972216478.637,2448.3256156885104
31276800.0,362.0,0.9917808219178083,17.307075767418613,255747.65185965147,8836071333363.33,2454.464259267592
31363200.0,363.0,0.9945205479452055,17.305414608477165,255689.51129670074,8858165418811.684,2460.6015052254675
31449600.0,364.0,0.9972602739726028,17.303758769142632,255631.55691999214,8880254488958.645,2466.737358044068
31536000.0,365.0,1.0,17.302108217647124,255573.78761764933,8902338559842.67,2472.8718221785193
